lotto_game,numbers,frequency
2D Lotto 2PM,21,163
2D Lotto 2PM,25,158
2D Lotto 2PM,24,157
2D Lotto 2PM,3,156
2D Lotto 2PM,1,155
2D Lotto 2PM,9,151
2D Lotto 2PM,31,150
2D Lotto 2PM,30,149
2D Lotto 2PM,6,146
2D Lotto 2PM,12,146
2D Lotto 2PM,10,143
2D Lotto 2PM,11,142
2D Lotto 2PM,27,142
2D Lotto 2PM,18,139
2D Lotto 2PM,28,139
2D Lotto 2PM,13,138
2D Lotto 2PM,22,138
2D Lotto 2PM,7,137
2D Lotto 2PM,14,136
2D Lotto 2PM,20,134
2D Lotto 2PM,23,133
2D Lotto 2PM,4,131
2D Lotto 2PM,15,131
2D Lotto 2PM,16,129
2D Lotto 2PM,2,128
2D Lotto 2PM,17,127
2D Lotto 2PM,26,125
2D Lotto 2PM,5,124
2D Lotto 2PM,8,123
2D Lotto 2PM,29,123
2D Lotto 2PM,19,109
2D Lotto 5PM,19,166
2D Lotto 5PM,5,163
2D Lotto 5PM,23,155
2D Lotto 5PM,8,151
2D Lotto 5PM,27,150
2D Lotto 5PM,26,148
2D Lotto 5PM,6,147
2D Lotto 5PM,9,147
2D Lotto 5PM,10,146
2D Lotto 5PM,16,146
2D Lotto 5PM,22,146
2D Lotto 5PM,31,146
2D Lotto 5PM,7,144
2D Lotto 5PM,25,143
2D Lotto 5PM,18,142
2D Lotto 5PM,1,140
2D Lotto 5PM,11,140
2D Lotto 5PM,20,139
2D Lotto 5PM,15,138
2D Lotto 5PM,14,134
2D Lotto 5PM,29,134
2D Lotto 5PM,28,133
2D Lotto 5PM,21,129
2D Lotto 5PM,24,128
2D Lotto 5PM,12,127
2D Lotto 5PM,17,123
2D Lotto 5PM,13,122
2D Lotto 5PM,30,121
2D Lotto 5PM,4,120
2D Lotto 5PM,3,118
2D Lotto 5PM,2,114
2D Lotto 9PM,9,166
2D Lotto 9PM,16,163
2D Lotto 9PM,7,154
2D Lotto 9PM,18,151
2D Lotto 9PM,20,150
2D Lotto 9PM,30,150
2D Lotto 9PM,3,149
2D Lotto 9PM,31,147
2D Lotto 9PM,12,146
2D Lotto 9PM,1,145
2D Lotto 9PM,4,141
2D Lotto 9PM,25,138
2D Lotto 9PM,27,138
2D Lotto 9PM,2,137
2D Lotto 9PM,26,137
2D Lotto 9PM,14,136
2D Lotto 9PM,17,136
2D Lotto 9PM,22,136
2D Lotto 9PM,23,136
2D Lotto 9PM,19,135
2D Lotto 9PM,24,135
2D Lotto 9PM,21,134
2D Lotto 9PM,29,131
2D Lotto 9PM,5,130
2D Lotto 9PM,13,130
2D Lotto 9PM,8,128
2D Lotto 9PM,6,127
2D Lotto 9PM,10,125
2D Lotto 9PM,11,124
2D Lotto 9PM,28,123
2D Lotto 9PM,15,122
3D Lotto 2PM,6,691
3D Lotto 2PM,3,672
3D Lotto 2PM,8,665
3D Lotto 2PM,2,657
3D Lotto 2PM,0,651
3D Lotto 2PM,7,639
3D Lotto 2PM,9,634
3D Lotto 2PM,4,622
3D Lotto 2PM,1,617
3D Lotto 2PM,5,605
3D Lotto 5PM,6,684
3D Lotto 5PM,0,671
3D Lotto 5PM,3,667
3D Lotto 5PM,4,658
3D Lotto 5PM,1,645
3D Lotto 5PM,5,645
3D Lotto 5PM,9,632
3D Lotto 5PM,8,623
3D Lotto 5PM,7,619
3D Lotto 5PM,2,606
3D Lotto 9PM,7,675
3D Lotto 9PM,1,661
3D Lotto 9PM,2,658
3D Lotto 9PM,9,656
3D Lotto 9PM,4,654
3D Lotto 9PM,3,653
3D Lotto 9PM,0,648
3D Lotto 9PM,5,635
3D Lotto 9PM,6,611
3D Lotto 9PM,8,599
4D Lotto,8,366
4D Lotto,7,360
4D Lotto,0,359
4D Lotto,4,356
4D Lotto,2,353
4D Lotto,3,346
4D Lotto,5,344
4D Lotto,1,343
4D Lotto,6,334
4D Lotto,9,327
6D Lotto,2,552
6D Lotto,9,538
6D Lotto,1,536
6D Lotto,0,528
6D Lotto,6,525
6D Lotto,7,518
6D Lotto,4,511
6D Lotto,3,505
6D Lotto,5,501
6D Lotto,8,494
Grand Lotto 6/55,42,128
Grand Lotto 6/55,45,124
Grand Lotto 6/55,41,123
Grand Lotto 6/55,17,118
Grand Lotto 6/55,24,117
Grand Lotto 6/55,51,117
Grand Lotto 6/55,6,116
Grand Lotto 6/55,9,116
Grand Lotto 6/55,43,116
Grand Lotto 6/55,33,115
Grand Lotto 6/55,49,114
Grand Lotto 6/55,54,114
Grand Lotto 6/55,2,113
Grand Lotto 6/55,28,111
Grand Lotto 6/55,48,111
Grand Lotto 6/55,10,110
Grand Lotto 6/55,13,109
Grand Lotto 6/55,29,108
Grand Lotto 6/55,40,108
Grand Lotto 6/55,1,106
Grand Lotto 6/55,5,106
Grand Lotto 6/55,52,106
Grand Lotto 6/55,3,105
Grand Lotto 6/55,15,105
Grand Lotto 6/55,20,105
Grand Lotto 6/55,44,105
Grand Lotto 6/55,30,104
Grand Lotto 6/55,50,104
Grand Lotto 6/55,11,103
Grand Lotto 6/55,21,103
Grand Lotto 6/55,27,102
Grand Lotto 6/55,37,100
Grand Lotto 6/55,22,98
Grand Lotto 6/55,35,98
Grand Lotto 6/55,19,96
Grand Lotto 6/55,55,96
Grand Lotto 6/55,47,95
Grand Lotto 6/55,23,94
Grand Lotto 6/55,26,94
Grand Lotto 6/55,46,94
Grand Lotto 6/55,4,93
Grand Lotto 6/55,39,93
Grand Lotto 6/55,16,92
Grand Lotto 6/55,36,91
Grand Lotto 6/55,8,90
Grand Lotto 6/55,34,90
Grand Lotto 6/55,32,89
Grand Lotto 6/55,7,88
Grand Lotto 6/55,25,88
Grand Lotto 6/55,38,88
Grand Lotto 6/55,53,87
Grand Lotto 6/55,14,86
Grand Lotto 6/55,31,80
Grand Lotto 6/55,12,77
Grand Lotto 6/55,18,77
Lotto 6/42,18,158
Lotto 6/42,41,158
Lotto 6/42,33,149
Lotto 6/42,36,147
Lotto 6/42,3,146
Lotto 6/42,25,145
Lotto 6/42,5,144
Lotto 6/42,22,143
Lotto 6/42,9,142
Lotto 6/42,12,141
Lotto 6/42,21,141
Lotto 6/42,19,139
Lotto 6/42,35,139
Lotto 6/42,14,138
Lotto 6/42,24,137
Lotto 6/42,4,136
Lotto 6/42,29,136
Lotto 6/42,23,135
Lotto 6/42,31,135
Lotto 6/42,15,134
Lotto 6/42,16,134
Lotto 6/42,27,134
Lotto 6/42,17,133
Lotto 6/42,20,133
Lotto 6/42,37,133
Lotto 6/42,39,133
Lotto 6/42,10,132
Lotto 6/42,7,130
Lotto 6/42,8,130
Lotto 6/42,13,130
Lotto 6/42,42,129
Lotto 6/42,2,126
Lotto 6/42,40,126
Lotto 6/42,11,124
Lotto 6/42,34,121
Lotto 6/42,32,120
Lotto 6/42,6,118
Lotto 6/42,28,118
Lotto 6/42,26,117
Lotto 6/42,30,116
Lotto 6/42,38,116
Lotto 6/42,1,108
Megalotto 6/45,42,161
Megalotto 6/45,3,146
Megalotto 6/45,4,145
Megalotto 6/45,25,144
Megalotto 6/45,30,142
Megalotto 6/45,41,140
Megalotto 6/45,38,139
Megalotto 6/45,10,138
Megalotto 6/45,37,135
Megalotto 6/45,5,134
Megalotto 6/45,34,134
Megalotto 6/45,8,133
Megalotto 6/45,15,132
Megalotto 6/45,40,131
Megalotto 6/45,27,130
Megalotto 6/45,31,130
Megalotto 6/45,43,130
Megalotto 6/45,44,130
Megalotto 6/45,33,129
Megalotto 6/45,35,129
Megalotto 6/45,17,128
Megalotto 6/45,7,127
Megalotto 6/45,39,125
Megalotto 6/45,1,124
Megalotto 6/45,6,122
Megalotto 6/45,12,122
Megalotto 6/45,9,121
Megalotto 6/45,18,121
Megalotto 6/45,13,119
Megalotto 6/45,23,119
Megalotto 6/45,24,119
Megalotto 6/45,14,118
Megalotto 6/45,45,118
Megalotto 6/45,2,116
Megalotto 6/45,32,116
Megalotto 6/45,11,115
Megalotto 6/45,20,114
Megalotto 6/45,19,111
Megalotto 6/45,29,111
Megalotto 6/45,28,110
Megalotto 6/45,36,106
Megalotto 6/45,21,102
Megalotto 6/45,22,101
Megalotto 6/45,26,100
Megalotto 6/45,16,99
Superlotto 6/49,13,135
Superlotto 6/49,26,134
Superlotto 6/49,16,129
Superlotto 6/49,43,129
Superlotto 6/49,44,128
Superlotto 6/49,41,127
Superlotto 6/49,3,126
Superlotto 6/49,46,126
Superlotto 6/49,29,125
Superlotto 6/49,19,124
Superlotto 6/49,37,123
Superlotto 6/49,7,122
Superlotto 6/49,47,122
Superlotto 6/49,23,121
Superlotto 6/49,30,121
Superlotto 6/49,45,121
Superlotto 6/49,2,119
Superlotto 6/49,24,119
Superlotto 6/49,34,119
Superlotto 6/49,14,118
Superlotto 6/49,32,118
Superlotto 6/49,31,117
Superlotto 6/49,33,117
Superlotto 6/49,8,116
Superlotto 6/49,39,116
Superlotto 6/49,4,113
Superlotto 6/49,9,113
Superlotto 6/49,12,113
Superlotto 6/49,20,113
Superlotto 6/49,35,113
Superlotto 6/49,28,112
Superlotto 6/49,42,112
Superlotto 6/49,18,110
Superlotto 6/49,48,109
Superlotto 6/49,38,108
Superlotto 6/49,10,107
Superlotto 6/49,21,107
Superlotto 6/49,22,106
Superlotto 6/49,49,106
Superlotto 6/49,17,105
Superlotto 6/49,36,104
Superlotto 6/49,15,103
Superlotto 6/49,5,101
Superlotto 6/49,27,101
Superlotto 6/49,6,99
Superlotto 6/49,25,96
Superlotto 6/49,1,95
Superlotto 6/49,40,94
Superlotto 6/49,11,92
Ultra Lotto 6/58,19,118
Ultra Lotto 6/58,2,113
Ultra Lotto 6/58,5,112
Ultra Lotto 6/58,14,107
Ultra Lotto 6/58,50,107
Ultra Lotto 6/58,40,106
Ultra Lotto 6/58,42,106
Ultra Lotto 6/58,49,105
Ultra Lotto 6/58,6,104
Ultra Lotto 6/58,43,104
Ultra Lotto 6/58,22,103
Ultra Lotto 6/58,9,102
Ultra Lotto 6/58,28,102
Ultra Lotto 6/58,30,102
Ultra Lotto 6/58,45,102
Ultra Lotto 6/58,29,101
Ultra Lotto 6/58,37,101
Ultra Lotto 6/58,48,101
Ultra Lotto 6/58,34,100
Ultra Lotto 6/58,47,100
Ultra Lotto 6/58,1,99
Ultra Lotto 6/58,13,99
Ultra Lotto 6/58,25,99
Ultra Lotto 6/58,35,99
Ultra Lotto 6/58,51,99
Ultra Lotto 6/58,52,99
Ultra Lotto 6/58,58,99
Ultra Lotto 6/58,10,98
Ultra Lotto 6/58,17,98
Ultra Lotto 6/58,15,97
Ultra Lotto 6/58,55,97
Ultra Lotto 6/58,56,97
Ultra Lotto 6/58,44,96
Ultra Lotto 6/58,12,94
Ultra Lotto 6/58,16,94
Ultra Lotto 6/58,31,94
Ultra Lotto 6/58,32,94
Ultra Lotto 6/58,38,94
Ultra Lotto 6/58,3,93
Ultra Lotto 6/58,4,93
Ultra Lotto 6/58,20,93
Ultra Lotto 6/58,26,92
Ultra Lotto 6/58,57,92
Ultra Lotto 6/58,11,90
Ultra Lotto 6/58,33,90
Ultra Lotto 6/58,46,90
Ultra Lotto 6/58,21,89
Ultra Lotto 6/58,36,89
Ultra Lotto 6/58,8,88
Ultra Lotto 6/58,41,88
Ultra Lotto 6/58,54,88
Ultra Lotto 6/58,18,85
Ultra Lotto 6/58,24,85
Ultra Lotto 6/58,23,83
Ultra Lotto 6/58,53,83
Ultra Lotto 6/58,7,81
Ultra Lotto 6/58,39,81
Ultra Lotto 6/58,27,77
